ports,avg_packets_per_slot,avg_throughput_percent
4,3.99307119,99.82677977
5,4.99036486,99.80729723
6,5.98865161,99.81086019
7,6.98618029,99.80257551
8,7.98206394,99.77579920
